day,last_updated,date,rf_low,rf_median,rf_high,rf_p90,rf_p60,rf_p50,rf_p20,rf_pdcp20,rf_pdcp60,rf_pdcp90,rf_direction,current_close,knn_low,knn_median,knn_high,knn_direction,knn_p20,knn_p60,knn_p90,knn_p50,knn_pdcp20,knn_pdcp60,knn_pdcp90,analog_price,spearman_low,spearman_median,spearman_high,spearman_p20,spearman_p60,spearman_p90,spearman_p50,spearman_pdcp20,spearman_pdcp60,spearman_pdcp90,pearson_low,pearson_median,pearson_high,pearson_p20,pearson_p60,pearson_p90,pearson_p50,pearson_pdcp20,pearson_pdcp60,pearson_pdcp90,cosine_low,cosine_median,cosine_high,cosine_p20,cosine_p60,cosine_p90,cosine_p50,cosine_pdcp20,cosine_pdcp60,cosine_pdcp90,euclidean_low,euclidean_median,euclidean_high,euclidean_p20,euclidean_p60,euclidean_p90,euclidean_p50,euclidean_pdcp20,euclidean_pdcp60,euclidean_pdcp90,mse_low,mse_median,mse_high,mse_p20,mse_p60,mse_p90,mse_p50,mse_pdcp20,mse_pdcp60,mse_pdcp90,kendall_low,kendall_median,kendall_high,kendall_p20,kendall_p60,kendall_p90,kendall_p50,kendall_pdcp20,kendall_pdcp60,kendall_pdcp90,manhattan_low,manhattan_median,manhattan_high,manhattan_p20,manhattan_p60,manhattan_p90,manhattan_p50,manhattan_pdcp20,manhattan_pdcp60,manhattan_pdcp90,mahalanobis_low,mahalanobis_median,mahalanobis_high,mahalanobis_p20,mahalanobis_p60,mahalanobis_p90,mahalanobis_p50,mahalanobis_pdcp20,mahalanobis_pdcp60,mahalanobis_pdcp90,knn_method,analog_direction,spearman_direction,pearson_direction,cosine_direction,euclidean_direction,mse_direction,kendall_direction,manhattan_direction,mahalanobis_direction,xgb_low,xgb_median,xgb_high,xgb_direction,xgb_p90,xgb_p60,xgb_p50,xgb_p20,xgb_pdcp20,xgb_pdcp60,xgb_pdcp90,lgb_low,lgb_median,lgb_high,lgb_direction,lgb_p90,lgb_p60,lgb_p50,lgb_p20,lgb_pdcp20,lgb_pdcp60,lgb_pdcp90,knn2_low,knn2_median,knn2_high,knn2_p20,knn2_p60,knn2_p90,knn2_p50,knn2_pdcp20,knn2_pdcp60,knn2_pdcp90,knn2_direction,knn2_vote_pct,knn2_regime,knn2_n_neighbors
1,2026-04-23,2026-04-23,,,,,,,,,,,,,458.0,468.8,492.64,DOWN,481.75,465.48,458.0,468.8,481.75,,,457.99,458.0,468.8,492.64,481.75,465.48,458.0,468.8,481.75,,,446.29,466.36,482.22,477.82,459.7,446.29,466.36,477.82,,,446.29,466.36,482.22,477.82,459.7,446.29,466.36,477.82,,,447.12,469.13,493.1,489.98,464.38,447.12,469.13,489.98,,,447.12,469.13,493.1,489.98,464.38,447.12,469.13,489.98,,,450.58,468.8,492.64,481.75,464.12,450.58,468.8,481.75,,,,,,,,,,,,,,,,,,,,,,,,DOWN,DOWN,DOWN,DOWN,DOWN,DOWN,DOWN,,,450.48,470.85,486.57,DOWN,450.48,466.6,470.85,486.57,486.57,,,452.64,475.17,491.92,UP,452.64,472.32,475.17,491.92,491.92,472.32,,,,,,,,,,,,,,,
1,2026-04-23,2026-04-24,,,,,,,,,,,,,464.66,475.76,501.15,DOWN,493.36,471.87,464.66,475.76,493.36,,,467.24,469.72,489.92,499.17,494.21,486.29,469.72,489.92,494.21,486.29,,464.66,475.76,501.15,493.36,471.87,464.66,475.76,493.36,,,469.05,492.72,503.97,501.52,485.87,469.05,492.72,501.52,485.87,,462.28,479.48,498.68,488.67,472.27,462.28,479.48,488.67,,,462.28,479.48,498.68,488.67,472.27,462.28,479.48,488.67,,,467.41,486.53,499.1,493.61,483.16,467.41,486.53,493.61,483.16,,,,,,,,,,,,,,,,,,,,,,,DOWN,UP,DOWN,UP,DOWN,DOWN,UP,,,460.24,479.52,495.66,DOWN,460.24,476.15,479.52,495.66,495.66,,,469.53,481.83,496.1,UP,469.53,482.39,481.83,496.1,496.1,482.39,,,,,,,,,,,,,,,
1,2026-04-26,2026-04-27,492.06,502.97,515.52,492.06,500.88,502.97,515.52,515.52,,,UP,,,,,,,,,,,,,473.52,470.52,499.9,527.18,522.36,496.97,470.52,499.9,522.36,,,469.93,494.99,522.22,511.83,493.55,469.93,494.99,511.83,,,469.95,487.93,505.73,497.93,478.4,469.95,487.93,,,,479.01,497.73,525.57,516.39,494.86,479.01,497.73,516.39,,,479.01,497.73,525.57,516.39,494.86,479.01,497.73,516.39,,,466.73,501.68,534.6,512.65,499.65,466.73,501.68,512.65,,,479.01,498.04,523.66,516.51,496.77,479.01,498.04,516.51,,,485.12,503.96,520.74,514.86,497.8,485.12,503.96,514.86,,,pearson,DOWN,DOWN,DOWN,DOWN,DOWN,DOWN,DOWN,DOWN,UP,483.95,503.34,520.26,UP,483.95,498.56,503.34,520.26,520.26,,,496.04,510.21,510.99,UP,496.04,504.68,510.21,510.99,510.99,504.68,,,,,,,,,,,,,,,
1,2026-04-27,2026-04-28,512.72,526.6,539.96,512.72,522.87,526.6,539.96,539.96,,,UP,,,,,,,,,,,,,528.93,492.72,526.52,551.22,546.18,520.19,492.72,526.52,546.18,,,491.36,518.26,546.03,536.44,516.29,491.36,518.26,536.44,,,491.38,520.58,547.88,539.81,514.82,491.38,520.58,539.81,,,500.85,517.05,547.54,539.93,511.27,500.85,517.05,539.93,,,500.85,517.05,547.54,539.93,511.27,500.85,517.05,539.93,,,488.02,524.56,558.98,536.03,522.44,488.02,524.56,536.03,,,500.85,520.51,547.54,539.87,517.29,500.85,520.51,539.87,,,503.95,526.94,543.31,535.86,516.31,503.95,526.94,535.86,,,spearman,UP,UP,DOWN,DOWN,DOWN,DOWN,DOWN,DOWN,UP,494.76,526.6,543.68,UP,494.76,523.86,526.6,543.68,543.68,,,515.63,523.35,541.43,DOWN,515.63,520.62,523.35,541.43,541.43,,,504.13,554.97,558.72,504.13,554.97,558.72,553.72,,554.97,558.72,UP,79.9,HIGH_VOL/UPTREND,20.0
1,2026-04-28,2026-04-29,495.78,508.47,520.82,495.78,505.99,508.47,520.82,520.82,505.99,,UP,,,,,,,,,,,,,508.49,474.22,507.85,530.95,525.07,504.29,474.22,507.85,525.07,,,486.19,504.29,520.98,515.69,501.45,486.19,504.29,515.69,,,473.59,502.5,525.22,516.59,499.31,473.59,502.5,516.59,,,473.39,499.4,524.93,517.74,494.2,473.39,499.4,517.74,,,473.39,499.4,524.93,517.74,494.2,473.39,499.4,517.74,,,500.35,504.29,556.67,547.12,503.4,500.35,504.29,547.12,,,483.44,506.09,524.93,517.57,501.87,483.44,506.09,517.57,,,486.35,509.21,529.81,516.92,506.88,486.35,509.21,516.92,506.88,,spearman,UP,UP,DOWN,DOWN,DOWN,DOWN,DOWN,UP,UP,486.09,504.66,522.25,UP,486.09,502.44,504.66,522.25,522.25,,,485.76,506.71,523.58,UP,485.76,497.24,506.71,523.58,523.58,,,510.41,522.72,523.86,510.41,522.72,523.86,522.34,510.41,522.72,523.86,UP,94.3,HIGH_VOL/UPTREND,20.0
2,2026-04-28,2026-04-30,489.15,508.92,526.21,489.15,505.21,508.92,526.21,526.21,505.21,,UP,,,,,,,,,,,,,546.58,462.96,504.29,541.27,521.69,502.19,462.96,504.29,521.69,,,455.43,499.22,526.82,514.3,490.65,455.43,499.22,514.3,,,461.8,492.92,515.25,504.29,486.42,461.8,492.92,,,,462.76,491.6,518.75,509.44,486.46,462.76,491.6,509.44,,,462.76,491.6,518.75,509.44,486.46,462.76,491.6,509.44,,,485.84,497.29,633.76,630.02,493.87,485.84,497.29,630.02,,,471.27,502.78,558.14,525.27,487.73,471.27,502.78,525.27,,,471.44,509.25,541.21,531.22,506.88,471.44,509.25,531.22,506.88,,spearman,UP,DOWN,DOWN,DOWN,DOWN,DOWN,DOWN,DOWN,UP,480.49,505.4,530.2,UP,480.49,500.1,505.4,530.2,530.2,,,486.41,507.12,525.34,UP,486.41,498.95,507.12,525.34,525.34,,,512.97,522.41,523.36,512.97,522.41,523.36,522.09,512.97,522.41,523.36,UP,94.3,HIGH_VOL/UPTREND,20.0
1,2026-04-30,2026-05-01,506.59,524.54,537.34,506.59,520.21,524.54,537.34,537.34,520.21,,UP,,,,,,,,,,,,,546.14,496.9,516.19,537.02,529.2,512.47,496.9,516.19,529.2,,,488.44,513.31,537.02,528.21,509.63,488.44,513.31,528.21,,,488.34,516.39,533.21,529.5,511.44,488.34,516.39,529.5,,,501.5,518.66,534.43,530.02,516.25,501.5,518.66,530.02,,,501.5,518.66,534.43,530.02,516.25,501.5,518.66,530.02,,,459.73,517.71,558.32,532.77,495.8,459.73,517.71,532.77,,,501.5,518.16,541.94,531.4,516.15,501.5,518.16,531.4,,,498.69,524.65,539.63,528.1,516.04,498.69,524.65,528.1,,,spearman,UP,DOWN,DOWN,DOWN,DOWN,DOWN,DOWN,DOWN,UP,501.54,519.35,535.34,DOWN,501.54,517.68,519.35,535.34,535.34,,,500.43,516.63,527.56,DOWN,500.43,514.94,516.63,527.56,527.56,,,516.2,531.29,536.27,516.2,531.29,536.27,529.63,527.59,531.29,536.27,DOWN,71.7,HIGH_VOL/UPTREND,20.0
1,2026-05-02,2026-05-04,531.72,550.83,564.03,531.72,545.16,550.83,564.03,564.03,545.16,,UP,,,,,,,,,,,,,533.2,509.88,533.8,559.96,552.96,530.38,509.88,533.8,552.96,,,509.3,540.46,564.65,553.89,534.95,509.3,540.46,553.89,,,509.2,535.17,551.88,551.2,528.04,509.2,535.17,551.2,,,508.99,542.21,564.4,554.23,541.09,508.99,542.21,554.23,,,508.99,542.21,564.4,554.23,541.09,508.99,542.21,554.23,,,503.67,542.21,588.19,567.58,539.38,503.67,542.21,567.58,,,523.72,540.29,554.58,552.63,538.19,523.72,540.29,552.63,,,522.83,543.48,555.31,550.6,532.21,522.83,543.48,550.6,,,spearman,DOWN,DOWN,DOWN,DOWN,DOWN,DOWN,DOWN,DOWN,UP,521.89,543.55,563.35,UP,521.89,540.17,543.55,563.35,563.35,,,529.77,560.26,562.07,UP,529.77,544.86,560.26,562.07,562.07,544.86,,524.36,534.23,545.52,524.36,534.23,545.52,532.39,516.42,533.15,545.52,DOWN,76.0,HIGH_VOL/UPTREND,20.0
1,2026-05-04,2026-05-05,561.6,579.29,598.52,561.6,574.93,579.29,598.52,598.52,,,UP,,,,,,,,,,,,,577.24,547.08,570.85,595.32,590.02,568.1,547.08,570.85,590.02,,,541.46,574.99,606.4,598.85,570.28,541.46,574.99,598.85,,,541.35,564.73,586.3,582.31,559.01,541.35,564.73,582.31,,,558.67,576.45,593.67,591.51,576.45,558.67,576.45,591.51,,,558.67,576.45,593.67,591.51,576.45,558.67,576.45,591.51,,,569.37,576.45,644.08,640.92,575.43,569.37,576.45,640.92,,,558.67,576.45,600.77,589.45,572.64,558.67,576.45,589.45,,,541.81,577.8,611.77,585.81,569.17,541.81,577.8,585.81,,,spearman,UP,DOWN,DOWN,DOWN,DOWN,DOWN,DOWN,DOWN,UP,554.71,580.41,598.79,UP,554.71,576.39,580.41,598.79,598.79,,,559.03,573.53,580.36,DOWN,559.03,568.28,573.53,580.36,580.36,,,557.52,572.71,578.28,557.52,572.71,578.28,562.15,513.07,548.97,578.28,UP,84.8,HIGH_VOL/UPTREND,20.0
1,2026-05-05,2026-05-06,623.73,641.07,662.0,623.73,637.94,641.07,662.0,662.0,,,UP,,,,,,,,,,,,,592.66,540.66,576.45,608.82,595.87,567.53,540.66,576.45,595.87,,,523.15,572.45,609.15,603.22,553.54,523.15,572.45,603.22,,,527.88,567.3,583.86,579.03,561.43,527.88,567.3,579.03,,,528.98,574.32,600.2,596.31,565.7,528.98,574.32,596.31,,,528.98,574.32,600.2,596.31,565.7,528.98,574.32,596.31,,,562.58,581.51,669.79,621.54,576.28,562.58,581.51,621.54,,,544.24,574.64,616.48,597.27,570.69,544.24,574.64,597.27,,,541.13,580.27,627.12,602.63,574.43,541.13,580.27,602.63,,,spearman,UP,DOWN,DOWN,DOWN,DOWN,DOWN,UP,DOWN,UP,615.16,641.57,664.87,UP,615.16,637.38,641.57,664.87,664.87,,,615.05,641.94,653.88,UP,615.05,626.86,641.94,653.88,653.88,,,630.74,632.7,638.65,630.74,632.7,638.65,632.21,506.2,582.73,614.78,DOWN,70.9,HIGH_VOL/UPTREND,20.0
2,2026-05-05,2026-05-07,614.71,644.68,669.1,614.71,639.13,644.68,669.1,669.1,,,UP,,,,,,,,,,,,,596.59,536.32,576.03,638.55,608.06,563.48,536.32,576.03,608.06,,,522.34,581.48,617.57,604.42,569.37,522.34,581.48,604.42,,,515.82,576.03,593.91,588.63,564.31,515.82,576.03,588.63,,,535.12,574.41,625.44,608.13,571.51,535.12,574.41,608.13,,,535.12,574.41,625.44,608.13,571.51,535.12,574.41,608.13,,,552.9,561.28,639.45,611.42,558.21,552.9,561.28,611.42,,,556.24,576.45,626.9,605.65,571.51,556.24,576.45,605.65,,,537.2,567.28,641.16,584.83,563.76,537.2,567.28,584.83,,,spearman,UP,DOWN,UP,DOWN,DOWN,DOWN,DOWN,DOWN,DOWN,606.98,643.62,669.23,UP,606.98,636.34,643.62,669.23,669.23,,,609.14,643.13,657.43,UP,609.14,629.48,643.13,657.43,657.43,,,601.61,608.65,679.99,601.61,608.65,679.99,606.89,509.0,611.32,679.99,DOWN,70.9,HIGH_VOL/UPTREND,20.0
3,2026-05-05,2026-05-08,605.69,648.29,676.19,605.69,640.33,648.29,676.19,676.19,640.33,,UP,,,,,,,,,,,,,593.26,541.52,580.99,665.63,629.8,576.45,541.52,580.99,629.8,,,505.0,581.66,627.32,609.06,574.07,505.0,581.66,609.06,,,538.86,578.89,626.61,608.12,574.44,538.86,578.89,608.12,,,548.55,576.45,629.73,610.79,572.29,548.55,576.45,610.79,,,548.55,576.45,629.73,610.79,572.29,548.55,576.45,610.79,,,533.3,558.67,645.51,613.45,552.97,533.3,558.67,613.45,,,552.94,580.54,665.03,614.68,572.29,552.94,580.54,614.68,,,539.65,576.45,641.86,599.77,566.65,539.65,576.45,599.77,,,spearman,UP,UP,UP,UP,DOWN,DOWN,DOWN,UP,DOWN,598.81,645.66,673.59,UP,598.81,635.29,645.66,673.59,673.59,,,603.24,644.32,660.99,UP,603.24,632.11,644.32,660.99,660.99,,,640.76,642.99,645.98,640.76,642.99,645.98,642.43,640.76,642.99,645.98,DOWN,70.9,HIGH_VOL/UPTREND,20.0
1,2026-05-08,2026-05-11,596.68,651.9,683.29,596.68,641.52,651.9,683.29,683.29,641.52,,UP,746.81,,,,,,,,,,,,729.61,703.0,742.52,769.07,757.86,736.92,703.0,742.52,757.86,,,699.09,734.84,756.83,746.81,730.06,699.09,734.84,,,,721.4,734.4,752.0,748.94,731.48,721.4,734.4,748.94,,,716.94,738.97,764.76,759.32,734.12,716.94,738.97,759.32,,,716.94,738.97,764.76,759.32,734.12,716.94,738.97,759.32,,,680.72,733.71,767.75,753.79,726.63,680.72,733.71,753.79,,,712.28,746.81,773.22,769.62,738.7,712.28,746.81,769.62,,,719.98,748.56,828.13,780.61,735.38,719.98,748.56,780.61,,,spearman,DOWN,DOWN,DOWN,DOWN,DOWN,DOWN,DOWN,DOWN,UP,590.64,647.71,677.96,UP,590.64,634.24,647.71,677.96,677.96,,,597.33,645.51,664.54,UP,597.33,634.73,645.51,664.54,664.54,,,708.92,711.47,713.88,708.92,711.47,713.88,710.72,640.55,644.25,656.1,DOWN,77.6,HIGH_VOL/UPTREND,20.0
1,2026-05-12,2026-05-12,767.32,808.92,835.8,767.32,800.95,808.92,835.8,835.8,800.95,,UP,795.33,,,,,,,,,,,,790.9,735.02,780.18,803.56,795.33,777.43,735.02,780.18,,,,754.76,786.02,805.56,795.33,784.15,754.76,786.02,,,,777.73,799.37,818.04,812.24,794.33,777.73,799.37,812.24,,,763.52,783.46,821.9,810.24,781.81,763.52,783.46,810.24,,,763.52,783.46,821.9,810.24,781.81,763.52,783.46,810.24,,,723.86,781.38,790.79,786.24,772.76,723.86,781.38,,,,747.13,785.69,821.64,810.43,780.39,747.13,785.69,810.43,,,758.86,785.44,888.09,848.2,782.9,758.86,785.44,848.2,,,spearman,DOWN,DOWN,DOWN,UP,DOWN,DOWN,DOWN,DOWN,DOWN,759.06,791.58,833.1,DOWN,759.06,785.01,791.58,833.1,833.1,,,591.43,646.69,668.1,UP,591.43,637.36,646.69,668.1,668.1,,,719.41,719.41,804.73,719.41,719.41,804.73,719.41,537.32,603.09,804.73,DOWN,77.2,HIGH_VOL/UPTREND,20.0
2,2026-05-12,2026-05-13,759.95,810.92,852.5,759.95,802.6,810.92,852.5,852.5,802.6,,UP,795.33,,,,,,,,,,,,772.68,722.79,771.03,814.8,806.01,756.51,722.79,771.03,806.01,,,731.2,777.34,814.8,798.04,768.52,731.2,777.34,798.04,,,763.69,789.54,847.32,831.49,787.89,763.69,789.54,831.49,,,754.92,788.32,823.77,796.52,786.27,754.92,788.32,796.52,,,754.92,788.32,823.77,796.52,786.27,754.92,788.32,796.52,,,725.28,795.33,808.96,799.87,788.9,725.28,795.33,799.87,,,730.15,788.52,857.43,807.25,784.68,730.15,788.52,807.25,,,754.59,797.2,873.24,860.75,787.8,754.59,797.2,860.75,,,spearman,DOWN,DOWN,DOWN,DOWN,DOWN,DOWN,DOWN,DOWN,UP,747.62,788.65,838.22,DOWN,747.62,781.85,788.65,838.22,838.22,,,601.91,647.53,665.8,UP,601.91,638.92,647.53,665.8,665.8,,,724.15,725.73,780.46,724.15,725.73,780.46,725.33,,617.39,661.96,DOWN,77.2,HIGH_VOL/UPTREND,20.0
3,2026-05-12,2026-05-14,752.57,812.92,869.2,752.57,804.25,812.92,869.2,869.2,804.25,,UP,795.33,,,,,,,,,,,,764.53,707.39,757.95,811.94,807.29,744.2,707.39,757.95,807.29,,,734.77,782.07,833.11,807.29,771.2,734.77,782.07,807.29,,,769.81,801.27,880.94,833.45,795.33,769.81,801.27,833.45,795.33,,745.9,795.33,838.09,806.5,787.61,745.9,795.33,806.5,,,745.9,795.33,838.09,806.5,787.61,745.9,795.33,806.5,,,718.79,774.03,853.93,814.86,763.27,718.79,774.03,814.86,,,719.25,795.33,876.52,860.54,792.51,719.25,795.33,860.54,,,715.08,787.97,918.66,863.84,768.47,715.08,787.97,863.84,,,spearman,DOWN,DOWN,DOWN,UP,DOWN,DOWN,DOWN,DOWN,DOWN,736.18,785.72,843.33,DOWN,736.18,778.7,785.72,843.33,843.33,,,612.38,648.37,663.5,UP,612.38,640.47,648.37,663.5,663.5,640.47,,719.2,743.8,806.61,719.2,743.8,806.61,737.65,535.3,602.11,806.61,DOWN,77.2,HIGH_VOL/UPTREND,20.0
4,2026-05-12,2026-05-15,745.2,814.92,885.9,745.2,805.9,814.92,885.9,885.9,805.9,,UP,795.33,,,,,,,,,,,,752.76,700.06,776.59,840.38,805.02,764.67,700.06,776.59,805.02,,,723.03,783.72,837.13,808.44,776.55,723.03,783.72,808.44,,,764.47,801.27,898.14,839.18,793.15,764.47,801.27,839.18,,,762.44,789.3,843.21,820.98,781.28,762.44,789.3,820.98,,,762.44,789.3,843.21,820.98,781.28,762.44,789.3,820.98,,,726.02,787.3,926.17,861.67,784.83,726.02,787.3,861.67,,,758.27,795.33,892.55,843.24,785.46,758.27,795.33,843.24,,,697.62,786.96,963.58,897.64,765.17,697.62,786.96,897.64,,,spearman,DOWN,DOWN,DOWN,UP,DOWN,DOWN,DOWN,DOWN,DOWN,724.74,782.79,848.45,DOWN,724.74,775.55,782.79,848.45,848.45,,,622.86,649.21,661.2,UP,622.86,642.03,649.21,661.2,661.2,642.03,,724.35,726.74,796.37,724.35,726.74,796.37,726.14,543.7,674.06,796.37,DOWN,77.2,HIGH_VOL/UPTREND,20.0
5,2026-05-12,2026-05-18,737.82,816.92,902.6,737.82,807.55,816.92,902.6,902.6,807.55,,UP,795.33,,,,,,,,,,,,777.03,711.87,752.24,837.53,809.2,751.23,711.87,752.24,809.2,,,707.6,776.61,885.43,825.5,762.73,707.6,776.61,825.5,,,747.84,798.76,909.2,877.55,788.7,747.84,798.76,877.55,,,751.64,789.28,822.1,816.6,783.88,751.64,789.28,816.6,,,751.64,789.28,822.1,816.6,783.88,751.64,789.28,816.6,,,712.49,788.23,897.95,874.98,778.22,712.49,788.23,874.98,,,728.83,805.89,886.91,860.99,795.33,728.83,805.89,860.99,,,726.21,779.59,950.16,887.77,773.93,726.21,779.59,887.77,,,spearman,DOWN,DOWN,DOWN,UP,DOWN,DOWN,DOWN,UP,DOWN,713.3,779.87,853.57,DOWN,713.3,772.39,779.87,853.57,853.57,,,633.34,650.06,658.91,UP,633.34,643.59,650.06,658.91,658.91,643.59,,696.56,705.99,732.11,696.56,705.99,732.11,703.63,555.72,677.94,679.42,DOWN,77.2,HIGH_VOL/UPTREND,20.0
1,2026-05-18,2026-05-19,656.24,684.3,706.05,656.24,676.93,684.3,706.05,706.05,,,UP,681.54,,,,,,,,,,,,663.82,655.44,677.53,698.28,690.96,670.13,655.44,677.53,690.96,,,657.17,676.3,696.53,691.04,674.55,657.17,676.3,691.04,,,652.68,690.95,698.28,692.33,687.21,652.68,690.95,692.33,687.21,,660.82,683.92,718.42,703.01,672.31,660.82,683.92,703.01,,,660.82,683.92,718.42,703.01,672.31,660.82,683.92,703.01,,,648.19,681.54,712.4,705.39,670.3,648.19,681.54,705.39,,,669.75,693.8,732.51,718.99,691.02,669.75,693.8,718.99,691.02,,640.33,674.51,703.48,683.61,673.44,640.33,674.51,683.61,,,mse,DOWN,DOWN,DOWN,UP,UP,UP,DOWN,UP,DOWN,710.79,788.87,861.35,DOWN,710.79,779.03,788.87,861.35,861.35,,,647.31,672.76,684.84,DOWN,647.31,661.45,672.76,684.84,684.84,,,701.92,702.45,708.5,701.92,702.45,708.5,702.31,701.92,702.45,708.5,UP,57.2,HIGH_VOL/UPTREND,20.0
2,2026-05-18,2026-05-20,653.35,691.42,724.43,653.35,683.2,691.42,724.43,724.43,683.2,,UP,681.54,,,,,,,,,,,,660.7,637.91,674.44,702.98,690.43,662.7,637.91,674.44,690.43,,,652.48,681.54,726.82,709.66,667.13,652.48,681.54,709.66,,,640.23,661.48,701.84,676.95,659.18,640.23,661.48,,,,644.86,678.98,750.46,710.62,662.7,644.86,678.98,710.62,,,644.86,678.98,750.46,710.62,662.7,644.86,678.98,710.62,,,634.41,671.37,699.5,692.21,665.15,634.41,671.37,692.21,,,661.95,709.65,756.01,744.64,693.9,661.95,709.65,744.64,693.9,,615.36,666.67,724.21,707.42,658.07,615.36,666.67,707.42,,,mse,DOWN,DOWN,DOWN,DOWN,DOWN,DOWN,DOWN,UP,DOWN,708.28,797.87,869.13,UP,708.28,785.66,797.87,869.13,869.13,,,646.8,691.02,700.58,UP,646.8,674.73,691.02,700.58,700.58,,,681.73,682.49,693.11,681.73,682.49,693.11,682.3,681.73,682.49,693.11,UP,57.2,HIGH_VOL/UPTREND,20.0
1,2026-05-20,2026-05-21,650.46,698.54,742.81,650.46,689.46,698.54,742.81,742.81,689.46,,UP,731.99,,,,,,,,,,,,625.79,635.28,669.43,707.27,691.94,662.99,635.28,669.43,691.94,,,632.33,681.54,731.73,717.17,667.56,632.33,681.54,717.17,,,631.78,691.28,739.79,718.6,677.65,631.78,691.28,718.6,,,635.28,671.94,754.02,712.37,661.51,635.28,671.94,712.37,,,635.28,671.94,754.02,712.37,661.51,635.28,671.94,712.37,,,616.98,668.68,712.4,705.39,668.2,616.98,668.68,705.39,,,648.58,701.33,774.52,759.93,687.75,648.58,701.33,759.93,687.75,,616.79,664.74,736.99,724.66,660.1,616.79,664.74,724.66,,,mse,DOWN,DOWN,DOWN,UP,DOWN,DOWN,DOWN,UP,DOWN,700.44,751.11,764.42,UP,700.44,737.98,751.11,764.42,764.42,737.98,,646.29,709.28,716.31,UP,646.29,688.02,709.28,716.31,716.31,688.02,,655.62,662.7,663.71,655.62,662.7,663.71,657.1,584.69,722.47,735.99,UP,57.2,HIGH_VOL/UPTREND,20.0
2,2026-05-20,2026-05-22,647.58,705.65,761.19,647.58,695.72,705.65,761.19,761.19,695.72,,UP,731.99,,,,,,,,,,,,612.76,598.58,658.78,708.31,669.01,649.28,598.58,658.78,,,,614.85,663.12,737.18,724.05,648.13,614.85,663.12,724.05,,,623.33,662.07,743.54,728.8,651.28,623.33,662.07,728.8,,,631.11,676.81,765.63,724.25,666.26,631.11,676.81,724.25,,,631.11,676.81,765.63,724.25,666.26,631.11,676.81,724.25,,,625.22,687.97,761.34,714.92,676.97,625.22,687.97,714.92,,,643.39,697.74,775.3,758.64,677.75,643.39,697.74,758.64,,,581.96,681.02,749.89,734.02,664.59,581.96,681.02,734.02,,,mse,DOWN,DOWN,DOWN,DOWN,DOWN,DOWN,UP,UP,DOWN,693.19,756.89,795.62,UP,693.19,743.2,756.89,795.62,795.62,743.2,,645.79,727.54,732.05,UP,645.79,701.31,727.54,732.05,732.05,701.31,,735.56,739.51,753.0,735.56,739.51,753.0,738.52,586.92,723.08,727.47,UP,72.8,HIGH_VOL/UPTREND,20.0
1,2026-05-23,2026-05-25,644.69,712.77,779.57,644.69,701.98,712.77,779.57,779.57,701.98,,UP,751.0,,,,,,,,,,,,617.97,536.37,651.29,673.6,666.46,640.09,536.37,651.29,,,,580.15,653.53,721.0,676.73,651.44,580.15,653.53,,,,606.57,659.48,723.81,698.63,650.71,606.57,659.48,698.63,,,613.25,681.54,759.66,739.69,675.98,613.25,681.54,739.69,,,613.25,681.54,759.66,739.69,675.98,613.25,681.54,739.69,,,621.34,681.54,815.42,734.74,661.87,621.34,681.54,734.74,,,616.92,679.58,760.04,745.56,660.17,616.92,679.58,745.56,,,566.57,676.27,765.41,754.05,660.37,566.57,676.27,754.05,,,mse,DOWN,DOWN,DOWN,DOWN,DOWN,DOWN,DOWN,DOWN,DOWN,709.19,760.11,787.15,UP,709.19,750.03,760.11,787.15,787.15,,,645.28,745.8,747.78,UP,645.28,714.59,745.8,747.78,747.78,714.59,,671.62,717.43,719.52,671.62,717.43,719.52,671.62,614.63,734.91,736.08,UP,72.8,HIGH_VOL/UPTREND,20.0
2,2026-05-23,2026-05-26,643.77,721.55,797.89,643.77,705.99,721.55,797.89,797.89,705.99,,UP,751.0,,,,,,,,,,,,622.66,525.44,660.45,676.93,669.67,643.03,525.44,660.45,,,,585.02,657.2,720.34,683.02,651.36,585.02,657.2,683.02,,,622.93,646.75,727.2,712.42,641.56,622.93,646.75,712.42,,,600.65,708.29,767.49,746.91,675.65,600.65,708.29,746.91,,,600.65,708.29,767.49,746.91,675.65,600.65,708.29,746.91,,,614.07,667.49,777.56,722.12,660.9,614.07,667.49,722.12,,,598.72,681.12,785.32,769.06,665.33,598.72,681.12,769.06,,,554.0,672.44,761.97,749.67,668.62,554.0,672.44,749.67,,,mse,DOWN,DOWN,DOWN,DOWN,UP,UP,DOWN,DOWN,DOWN,706.61,766.2,792.66,UP,706.61,756.93,766.2,792.66,792.66,756.93,,655.92,768.05,784.99,UP,655.92,739.41,768.05,784.99,784.99,739.41,,665.31,771.03,783.8,665.31,771.03,783.8,691.56,601.67,771.03,783.8,UP,72.8,HIGH_VOL/UPTREND,20.0
3,2026-05-23,2026-05-27,642.84,730.34,816.2,642.84,709.99,730.34,816.2,816.2,709.99,,UP,751.0,,,,,,,,,,,,614.84,577.68,645.44,728.35,692.14,630.74,577.68,645.44,692.14,,,582.12,662.07,732.33,719.87,655.24,582.12,662.07,719.87,,,606.57,664.15,733.72,721.94,656.34,606.57,664.15,721.94,,,583.02,705.9,757.24,744.94,658.8,583.02,705.9,744.94,,,583.02,705.9,757.24,744.94,658.8,583.02,705.9,744.94,,,619.79,712.06,801.85,758.08,697.04,619.79,712.06,758.08,697.04,,587.89,695.46,767.33,754.15,658.8,587.89,695.46,754.15,,,546.98,684.53,765.63,724.45,668.89,546.98,684.53,724.45,,,mse,DOWN,DOWN,DOWN,DOWN,UP,UP,UP,UP,UP,704.03,772.29,798.16,UP,704.03,763.83,772.29,798.16,798.16,763.83,,666.57,790.3,822.2,UP,666.57,764.24,790.3,822.2,822.2,764.24,,746.49,799.22,799.29,746.49,799.22,799.29,746.86,585.7,799.22,799.29,UP,72.8,HIGH_VOL/UPTREND,20.0
4,2026-05-23,2026-05-28,641.92,739.12,834.52,641.92,714.0,739.12,834.52,834.52,714.0,,UP,751.0,,,,,,,,,,,,612.24,561.26,634.4,710.36,684.38,621.49,561.26,634.4,684.38,,,572.17,671.05,721.26,708.79,640.87,572.17,671.05,708.79,,,590.21,667.1,732.82,710.46,653.4,590.21,667.1,710.46,,,571.9,715.63,784.96,750.83,657.28,571.9,715.63,750.83,,,571.9,715.63,784.96,750.83,657.28,571.9,715.63,750.83,,,593.12,752.27,876.62,794.04,723.98,593.12,752.27,794.04,723.98,,576.51,683.77,784.96,755.48,631.81,576.51,683.77,755.48,,,538.23,689.56,758.31,736.69,640.82,538.23,689.56,736.69,,,mse,DOWN,DOWN,DOWN,DOWN,UP,UP,UP,UP,UP,701.46,778.38,803.67,UP,701.46,770.73,778.38,803.67,803.67,770.73,,677.21,812.54,859.41,UP,677.21,789.06,812.54,859.41,859.41,789.06,,746.41,777.99,788.12,746.41,777.99,788.12,748.85,563.13,777.99,788.12,UP,72.8,HIGH_VOL/UPTREND,20.0
5,2026-05-23,2026-05-29,640.99,747.9,852.83,640.99,718.0,747.9,852.83,852.83,718.0,,UP,751.0,,,,,,,,,,,,642.46,544.91,638.35,725.61,692.06,624.81,544.91,638.35,692.06,,,541.92,662.07,767.29,693.1,640.8,541.92,662.07,693.1,,,564.32,662.23,716.47,694.08,649.12,564.32,662.23,694.08,,,562.66,694.47,790.11,749.18,649.81,562.66,694.47,749.18,,,562.66,694.47,790.11,749.18,649.81,562.66,694.47,749.18,,,616.48,732.4,875.29,803.99,731.73,616.48,732.4,803.99,731.73,,548.96,695.89,787.46,767.77,647.75,548.96,695.89,767.77,,,579.14,666.28,769.44,765.17,629.27,579.14,666.28,765.17,,,mse,DOWN,DOWN,DOWN,DOWN,UP,UP,UP,UP,DOWN,698.88,784.48,809.17,UP,698.88,777.63,784.48,809.17,809.17,777.63,,687.85,834.79,896.62,UP,687.85,813.88,834.79,896.62,896.62,813.88,687.85,756.42,768.66,770.75,756.42,768.66,770.75,767.94,549.14,768.66,770.75,UP,72.8,HIGH_VOL/UPTREND,20.0
1,2026-05-29,2026-06-01,942.79,973.7,1003.37,942.79,964.95,973.7,1003.37,1003.37,,,UP,971.0,,,,,,,,,,,,971.0,928.58,965.94,992.61,984.42,959.04,928.58,965.94,984.42,,,927.28,971.0,986.04,984.53,956.29,927.28,971.0,984.53,,,925.24,971.76,986.21,985.38,955.98,925.24,971.76,985.38,,,932.51,971.0,1002.49,997.96,961.29,932.51,971.0,997.96,,,,,,,,,,,,,929.14,971.0,992.06,984.13,967.47,929.14,971.0,984.13,,,932.51,965.29,986.73,985.04,955.7,932.51,965.29,985.04,,,,,,,,,,,,,spearman,DOWN,DOWN,DOWN,UP,DOWN,,DOWN,DOWN,,949.91,1004.89,1011.06,UP,949.91,986.38,1004.89,1011.06,1011.06,986.38,,948.31,982.87,1012.19,UP,948.31,964.02,982.87,1012.19,1012.19,,,981.41,1012.77,1018.56,981.41,1012.77,1018.56,991.55,981.41,1012.77,1018.56,DOWN,62.7,HIGH_VOL/UPTREND,20.0
2,2026-05-29,2026-06-02,926.08,966.96,1007.61,926.08,956.62,966.96,1007.61,1007.61,,,DOWN,971.0,,,,,,,,,,,,945.45,870.82,938.66,1033.6,997.57,929.24,870.82,938.66,997.57,,,896.18,952.68,1065.16,1002.92,944.47,896.18,952.68,1002.92,,,889.99,948.11,1015.14,971.0,939.14,889.99,948.11,971.0,,,897.79,941.88,1051.7,1009.74,933.77,897.79,941.88,1009.74,,,,,,,,,,,,,917.68,956.51,965.7,960.41,954.98,917.68,956.51,,,,901.65,941.88,1017.31,995.13,934.39,901.65,941.88,995.13,,,,,,,,,,,,,spearman,DOWN,DOWN,DOWN,DOWN,DOWN,,DOWN,DOWN,,946.19,1009.03,1016.83,UP,946.19,983.28,1009.03,1016.83,1016.83,983.28,,928.37,973.1,1010.48,UP,928.37,957.31,973.1,1010.48,1010.48,,,974.86,1011.53,1012.82,974.86,1011.53,1012.82,980.13,974.86,1011.53,1012.82,DOWN,62.7,HIGH_VOL/UPTREND,20.0
3,2026-05-29,2026-06-03,909.36,960.23,1011.85,909.36,948.29,960.23,1011.85,1011.85,,,DOWN,971.0,,,,,,,,,,,,962.48,901.22,934.8,1063.96,1001.18,924.39,901.22,934.8,1001.18,,,900.89,941.06,1056.08,1016.08,931.01,900.89,941.06,1016.08,,,900.11,984.87,1047.71,1014.48,958.99,900.11,984.87,1014.48,,,904.67,963.96,1038.97,1011.8,940.1,904.67,963.96,1011.8,,,,,,,,,,,,,903.22,956.72,999.38,998.78,948.31,903.22,956.72,998.78,,,905.1,944.68,1042.72,1012.99,939.58,905.1,944.68,1012.99,,,,,,,,,,,,,spearman,DOWN,DOWN,DOWN,UP,DOWN,,DOWN,DOWN,,942.47,1013.16,1022.59,UP,942.47,980.17,1013.16,1022.59,1022.59,980.17,,908.43,963.34,1008.78,DOWN,908.43,950.59,963.34,1008.78,1008.78,,,976.21,1025.99,1034.37,976.21,1025.99,1034.37,979.11,976.21,1025.99,1034.37,DOWN,62.7,HIGH_VOL/UPTREND,20.0
4,2026-05-29,2026-06-04,892.64,953.49,1016.08,892.64,939.96,953.49,1016.08,1016.08,,,DOWN,971.0,,,,,,,,,,,,962.48,850.35,932.02,1065.93,971.0,912.47,850.35,932.02,,,,867.61,944.76,1089.43,1017.72,932.23,867.61,944.76,1017.72,,,865.97,939.52,1057.17,1026.37,918.02,865.97,939.52,1026.37,,,893.61,971.08,1078.47,1026.58,954.14,893.61,971.08,1026.58,,,,,,,,,,,,,908.19,985.28,1004.28,991.75,959.13,908.19,985.28,991.75,,,883.4,965.51,1080.45,1028.06,954.75,883.4,965.51,1028.06,,,,,,,,,,,,,spearman,DOWN,DOWN,DOWN,DOWN,UP,,UP,DOWN,,938.75,1017.3,1028.35,UP,938.75,977.06,1017.3,1028.35,1028.35,977.06,,888.48,953.57,1007.07,DOWN,888.48,943.87,953.57,1007.07,1007.07,,,1016.86,1021.07,1024.51,1016.86,1021.07,1024.51,1020.02,1016.86,1021.07,1024.51,DOWN,62.7,HIGH_VOL/UPTREND,20.0
5,2026-05-29,2026-06-05,875.92,946.76,1020.32,875.92,931.63,946.76,1020.32,1020.32,,,DOWN,971.0,,,,,,,,,,,,979.52,747.88,929.94,1083.01,957.93,910.67,747.88,929.94,,,,821.73,941.06,1075.58,1026.13,929.25,821.73,941.06,1026.13,,,848.07,954.38,1063.69,1037.17,942.45,848.07,954.38,1037.17,,,843.0,965.54,1046.69,1034.96,951.81,843.0,965.54,1034.96,,,,,,,,,,,,,876.78,956.72,998.48,980.16,931.77,876.78,956.72,980.16,,,867.85,954.46,1042.5,1007.75,942.04,867.85,954.46,1007.75,,,,,,,,,,,,,spearman,UP,DOWN,DOWN,DOWN,DOWN,,DOWN,DOWN,,935.03,1021.43,1034.12,UP,935.03,973.95,1021.43,1034.12,1034.12,973.95,,868.54,943.81,1005.36,DOWN,868.54,937.16,943.81,1005.36,1005.36,,,948.86,975.64,999.42,948.86,975.64,999.42,967.81,699.6,975.64,999.42,DOWN,62.7,HIGH_VOL/UPTREND,20.0
6,2026-05-29,2026-06-08,894.26,972.26,1037.89,894.26,956.78,972.26,1037.89,1037.89,,,UP,971.0,,,,,,,,,,,,953.97,771.39,909.64,1091.33,955.15,899.83,771.39,909.64,,,,800.64,911.11,1096.6,1053.03,902.95,800.64,911.11,1053.03,,,847.39,917.77,1076.93,1026.61,906.87,847.39,917.77,1026.61,,,866.03,945.59,1087.03,1030.78,938.67,866.03,945.59,1030.78,,,,,,,,,,,,,844.87,927.52,950.17,938.5,922.07,844.87,927.52,,,,832.54,942.85,1014.09,998.88,916.14,832.54,942.85,998.88,,,,,,,,,,,,,spearman,DOWN,DOWN,DOWN,DOWN,DOWN,,DOWN,DOWN,,944.88,1034.78,1047.28,UP,944.88,988.36,1034.78,1047.28,1047.28,988.36,,889.15,972.83,1030.88,UP,889.15,962.84,972.83,1030.88,1030.88,,,1033.61,1039.66,1041.05,1033.61,1039.66,1041.05,1039.16,1033.61,1039.66,1041.05,DOWN,62.7,HIGH_VOL/UPTREND,20.0
7,2026-05-29,2026-06-09,912.6,997.76,1055.47,912.6,981.93,997.76,1055.47,1055.47,981.93,,UP,971.0,,,,,,,,,,,,945.45,763.33,909.76,1135.22,1044.55,887.83,763.33,909.76,1044.55,,,796.2,931.64,1075.92,1064.27,898.19,796.2,931.64,1064.27,,,835.33,925.82,1068.1,1029.25,896.75,835.33,925.82,1029.25,,,866.33,966.63,1071.43,1016.5,938.61,866.33,966.63,1016.5,,,,,,,,,,,,,828.21,928.16,997.09,979.7,926.98,828.21,928.16,979.7,,,809.91,942.19,1039.67,1009.02,931.53,809.91,942.19,1009.02,,,,,,,,,,,,,spearman,DOWN,DOWN,DOWN,DOWN,DOWN,,DOWN,DOWN,,954.72,1048.12,1060.44,UP,954.72,1002.78,1048.12,1060.44,1060.44,1002.78,,909.76,1001.85,1056.41,UP,909.76,988.52,1001.85,1056.41,1056.41,988.52,,993.92,1005.48,1024.57,993.92,1005.48,1024.57,1002.59,993.92,1005.48,1024.57,DOWN,62.7,HIGH_VOL/UPTREND,20.0
8,2026-05-29,2026-06-10,930.94,1023.26,1073.05,930.94,1007.07,1023.26,1073.05,1073.05,1007.07,,UP,971.0,,,,,,,,,,,,911.38,736.79,883.09,1114.96,996.89,867.91,736.79,883.09,996.89,,,728.7,905.39,1100.87,1073.43,881.0,728.7,905.39,1073.43,,,840.89,911.67,1076.93,1023.96,873.86,840.89,911.67,1023.96,,,837.8,957.68,1051.98,1033.02,927.37,837.8,957.68,1033.02,,,,,,,,,,,,,814.17,942.44,1036.98,1001.51,913.56,814.17,942.44,1001.51,,,773.16,941.24,1052.26,1027.38,905.21,773.16,941.24,1027.38,,,,,,,,,,,,,spearman,DOWN,DOWN,DOWN,DOWN,DOWN,,DOWN,DOWN,,964.56,1061.46,1073.61,UP,964.56,1017.19,1061.46,1073.61,1073.61,1017.19,,930.37,1030.86,1081.93,UP,930.37,1014.2,1030.86,1081.93,1081.93,1014.2,,1000.82,1001.39,1023.8,1000.82,1001.39,1023.8,1001.25,1000.82,1001.39,1023.8,DOWN,62.7,HIGH_VOL/UPTREND,20.0
9,2026-05-29,2026-06-11,949.28,1048.76,1090.62,949.28,1032.22,1048.76,1090.62,1090.62,1032.22,,UP,971.0,,,,,,,,,,,,911.38,742.11,877.93,1115.12,967.92,848.37,742.11,877.93,,,,741.62,892.27,1125.69,1094.75,855.02,741.62,892.27,1094.75,,,803.99,907.31,1097.52,1041.62,866.93,803.99,907.31,1041.62,,,824.31,958.73,1109.78,1036.22,937.28,824.31,958.73,1036.22,,,,,,,,,,,,,822.52,956.72,1009.37,975.27,933.12,822.52,956.72,975.27,,,827.12,947.17,1088.82,1050.53,901.39,827.12,947.17,1050.53,,,,,,,,,,,,,spearman,DOWN,DOWN,DOWN,DOWN,DOWN,,DOWN,DOWN,,974.4,1074.81,1086.77,UP,974.4,1031.6,1074.81,1086.77,1086.77,1031.6,974.4,950.99,1059.88,1107.46,UP,950.99,1039.89,1059.88,1107.46,1107.46,1039.89,,984.14,997.77,1078.25,984.14,997.77,1078.25,994.36,984.14,997.77,1078.25,DOWN,62.7,HIGH_VOL/UPTREND,20.0
10,2026-05-29,2026-06-12,967.62,1074.25,1108.2,967.62,1057.37,1074.25,1108.2,1108.2,1057.37,,UP,971.0,,,,,,,,,,,,877.31,682.86,874.34,1124.61,1031.77,838.35,682.86,874.34,1031.77,,,704.58,879.15,1103.19,1041.62,863.91,704.58,879.15,1041.62,,,777.14,877.76,1038.68,998.38,849.62,777.14,877.76,998.38,,,798.47,943.26,1068.37,1059.43,907.47,798.47,943.26,1059.43,,,,,,,,,,,,,874.87,999.56,1061.01,1035.07,966.15,874.87,999.56,1035.07,,,790.7,928.55,1066.22,1043.52,875.96,790.7,928.55,1043.52,,,,,,,,,,,,,spearman,DOWN,DOWN,DOWN,DOWN,DOWN,,UP,DOWN,,984.24,1088.15,1099.94,UP,984.24,1046.01,1088.15,1099.94,1099.94,1046.01,984.24,971.6,1088.9,1132.98,UP,971.6,1065.57,1088.9,1132.98,1132.98,1065.57,971.6,910.99,920.0,1053.26,910.99,920.0,1053.26,917.75,685.94,703.54,1053.26,DOWN,62.7,HIGH_VOL/UPTREND,20.0
1,2026-06-13,2026-06-15,944.26,995.9,1033.59,944.26,985.29,995.9,1033.59,1033.59,985.29,,UP,981.61,,,,,,,,,,,,997.13,939.82,986.83,1030.5,1003.74,970.61,939.82,986.83,1003.74,,,934.32,969.32,1036.69,1006.68,968.39,934.32,969.32,1006.68,,,912.19,970.33,1014.91,1006.68,969.6,912.19,970.33,1006.68,,,946.79,970.33,1027.21,1012.4,967.79,946.79,970.33,1012.4,,,,,,,,,,,,,981.61,992.05,1012.58,1003.22,987.88,981.61,992.05,1003.22,987.88,,950.89,976.25,1002.55,999.51,969.41,950.89,976.25,999.51,,,,,,,,,,,,,pearson,UP,UP,DOWN,DOWN,DOWN,,UP,DOWN,,978.27,1127.17,1140.54,UP,978.27,1085.09,1127.17,1140.54,1140.54,1085.09,978.27,975.75,1102.01,1141.95,UP,975.75,1062.21,1102.01,1141.95,1141.95,1062.21,975.75,949.07,951.87,953.97,949.07,951.87,953.97,951.17,767.57,772.93,1057.81,UP,100.0,HIGH_VOL/UPTREND,20.0
2,2026-06-13,2026-06-16,943.44,1012.63,1074.61,943.44,997.13,1012.63,1074.61,1074.61,997.13,,UP,981.61,,,,,,,,,,,,1061.62,912.38,984.29,1090.4,1056.34,956.9,912.38,984.29,1056.34,,,903.16,955.45,1056.26,1040.29,950.16,903.16,955.45,1040.29,,,912.19,996.12,1056.26,1033.83,978.25,912.19,996.12,1033.83,,,936.36,981.61,1039.69,1027.83,969.23,936.36,981.61,1027.83,,,,,,,,,,,,,944.89,1002.5,1027.66,1019.92,987.37,944.89,1002.5,1019.92,987.37,,911.29,989.35,1051.66,1039.4,976.99,911.29,989.35,1039.4,,,,,,,,,,,,,pearson,UP,UP,DOWN,UP,DOWN,,UP,UP,,972.29,1166.2,1181.15,UP,972.29,1124.16,1166.2,1181.15,1181.15,1124.16,972.29,979.9,1115.11,1150.93,UP,979.9,1058.86,1115.11,1150.93,1150.93,1058.86,979.9,1017.6,1032.14,1043.04,1017.6,1032.14,1043.04,1028.51,1017.6,1032.14,1043.04,UP,100.0,HIGH_VOL/UPTREND,20.0
3,2026-06-13,2026-06-17,942.63,1029.37,1115.63,942.63,1008.96,1029.37,1115.63,1115.63,1008.96,,UP,981.61,,,,,,,,,,,,1037.74,891.92,986.83,1099.86,1071.69,949.9,891.92,986.83,1071.69,,,901.77,962.36,1074.4,1053.64,953.4,901.77,962.36,1053.64,,,897.25,1005.26,1061.68,1053.64,966.31,897.25,1005.26,1053.64,,,911.6,986.83,1054.96,1037.01,981.61,911.6,986.83,1037.01,,,,,,,,,,,,,972.4,1016.05,1064.57,1043.11,1013.03,972.4,1016.05,1043.11,1013.03,,897.98,976.55,1050.64,1032.37,953.23,897.98,976.55,1032.37,,,,,,,,,,,,,pearson,UP,UP,DOWN,UP,UP,,UP,DOWN,,966.31,1205.22,1221.76,UP,966.31,1163.23,1205.22,1221.76,1221.76,1163.23,,984.05,1128.22,1159.9,UP,984.05,1055.5,1128.22,1159.9,1159.9,1055.5,984.05,1038.68,1047.98,1054.95,1038.68,1047.98,1054.95,1045.66,1038.68,1047.98,1054.95,UP,100.0,HIGH_VOL/UPTREND,20.0
4,2026-06-13,2026-06-18,941.82,1046.11,1156.64,941.82,1020.79,1046.11,1156.64,1156.64,1020.79,,UP,981.61,,,,,,,,,,,,1023.41,891.31,1012.27,1097.82,1073.19,994.14,891.31,1012.27,1073.19,994.14,,893.49,994.53,1105.67,1075.52,979.81,893.49,994.53,1075.52,,,893.49,1020.81,1073.77,1070.76,996.17,893.49,1020.81,1070.76,996.17,,894.05,981.61,1057.25,1030.66,970.08,894.05,981.61,1030.66,,,,,,,,,,,,,1005.13,1033.27,1113.24,1088.24,1026.15,1005.13,1033.27,1088.24,1026.15,1005.13,876.34,981.61,1069.18,1059.67,964.53,876.34,981.61,1059.67,,,,,,,,,,,,,pearson,UP,UP,UP,UP,DOWN,,UP,DOWN,,960.34,1244.25,1262.37,UP,960.34,1202.3,1244.25,1262.37,1262.37,1202.3,,988.2,1141.32,1168.87,UP,988.2,1052.15,1141.32,1168.87,1168.87,1052.15,988.2,1042.82,1047.65,1051.27,1042.82,1047.65,1051.27,1046.44,1042.82,1047.65,1051.27,UP,100.0,HIGH_VOL/UPTREND,20.0
5,2026-06-13,2026-06-19,941.0,1062.84,1197.66,941.0,1032.63,1062.84,1197.66,1197.66,1032.63,,UP,981.61,,,,,,,,,,,,1021.02,875.64,1011.45,1143.83,1072.3,986.17,875.64,1011.45,1072.3,986.17,,901.66,996.87,1075.79,1064.96,964.3,901.66,996.87,1064.96,,,891.26,1001.48,1062.03,1047.35,980.66,891.26,1001.48,1047.35,,,911.6,978.91,1087.37,1024.11,973.51,911.6,978.91,1024.11,,,,,,,,,,,,,983.19,998.83,1144.57,1098.68,998.6,983.19,998.83,1098.68,998.6,983.19,837.9,993.89,1087.03,1064.33,962.74,837.9,993.89,1064.33,,,,,,,,,,,,,pearson,UP,UP,UP,UP,DOWN,,UP,UP,,954.36,1283.27,1302.98,UP,954.36,1241.38,1283.27,1302.98,1302.98,1241.38,,992.35,1154.43,1177.84,UP,992.35,1048.79,1154.43,1177.84,1177.84,1048.79,992.35,1001.62,1011.24,1018.47,1001.62,1011.24,1018.47,1008.84,1001.62,1011.24,1018.47,UP,100.0,HIGH_VOL/UPTREND,20.0
6,2026-06-13,2026-06-22,937.51,1070.6,1202.05,937.51,1037.95,1070.6,1202.05,1202.05,1037.95,,UP,981.61,,,,,,,,,,,,1042.51,852.85,992.89,1150.54,1089.93,970.68,852.85,992.89,1089.93,,,877.48,986.97,1080.69,1070.05,970.36,877.48,986.97,1070.05,,,850.3,992.89,1071.56,1057.21,987.43,850.3,992.89,1057.21,987.43,,898.68,981.54,1136.45,1059.2,963.13,898.68,981.54,1059.2,,,,,,,,,,,,,967.89,998.25,1115.91,1062.23,988.21,967.89,998.25,1062.23,988.21,,812.15,986.97,1108.78,1071.82,962.54,812.15,986.97,1071.82,,,,,,,,,,,,,pearson,UP,UP,UP,UP,DOWN,,UP,UP,,948.38,1322.29,1343.59,UP,948.38,1280.45,1322.29,1343.59,1343.59,1280.45,,996.5,1167.53,1186.82,UP,996.5,1045.44,1167.53,1186.82,1186.82,1045.44,996.5,1073.65,1075.35,1076.62,1073.65,1075.35,1076.62,1074.92,1073.65,1075.35,1076.62,UP,100.0,HIGH_VOL/UPTREND,20.0
7,2026-06-13,2026-06-23,934.01,1078.35,1206.44,934.01,1043.27,1078.35,1206.44,1206.44,1043.27,,UP,981.61,,,,,,,,,,,,1044.9,880.26,1043.19,1168.14,1121.35,979.16,880.26,1043.19,1121.35,,,934.25,988.07,1069.46,1060.03,965.27,934.25,988.07,1060.03,,,873.89,1044.86,1066.55,1059.63,1021.41,873.89,1044.86,1059.63,1021.41,,909.98,958.74,1171.92,1071.57,941.76,909.98,958.74,1071.57,,,,,,,,,,,,,960.94,998.53,1129.32,1057.74,991.76,960.94,998.53,1057.74,991.76,,757.36,958.74,1148.31,1076.62,949.27,757.36,958.74,1076.62,,,,,,,,,,,,,pearson,UP,UP,UP,UP,DOWN,,UP,DOWN,,942.4,1361.32,1384.2,UP,942.4,1319.52,1361.32,1384.2,1384.2,1319.52,,1000.65,1180.64,1195.79,UP,1000.65,1042.08,1180.64,1195.79,1195.79,1042.08,1000.65,1060.95,1064.2,1066.63,1060.95,1064.2,1066.63,1063.38,1060.95,1064.2,1066.63,UP,100.0,HIGH_VOL/UPTREND,20.0
8,2026-06-13,2026-06-24,930.52,1086.11,1210.83,930.52,1048.59,1086.11,1210.83,1210.83,1048.59,,UP,981.61,,,,,,,,,,,,1034.15,845.08,1036.11,1217.11,1141.36,952.25,845.08,1036.11,1141.36,,,905.96,979.41,1131.53,1083.79,963.21,905.96,979.41,1083.79,,,820.82,1067.41,1114.52,1095.02,1030.33,820.82,1067.41,1095.02,1030.33,,907.72,956.36,1170.28,1084.22,928.59,907.72,956.36,1084.22,,,,,,,,,,,,,960.94,981.61,1101.66,1044.19,981.61,960.94,981.61,1044.19,,,673.49,961.37,1170.79,1085.28,933.42,673.49,961.37,1085.28,,,,,,,,,,,,,pearson,UP,UP,DOWN,UP,DOWN,,DOWN,DOWN,,936.43,1400.34,1424.81,UP,936.43,1358.6,1400.34,1424.81,1424.81,1358.6,,1004.8,1193.74,1204.76,UP,1004.8,1038.73,1193.74,1204.76,1204.76,1038.73,1004.8,1071.84,1082.56,1090.59,1071.84,1082.56,1090.59,1079.88,1071.84,1082.56,1090.59,UP,100.0,HIGH_VOL/UPTREND,20.0
9,2026-06-13,2026-06-25,927.02,1093.87,1215.22,927.02,1053.92,1093.87,1215.22,1215.22,1053.92,,UP,981.61,,,,,,,,,,,,987.58,825.67,1063.66,1205.05,1195.77,993.22,825.67,1063.66,1195.77,993.22,,840.83,1002.85,1133.45,1095.28,926.66,840.83,1002.85,1095.28,,,783.54,1076.58,1180.96,1154.46,1026.23,783.54,1076.58,1154.46,1026.23,,845.21,950.54,1195.13,1146.7,931.16,845.21,950.54,1146.7,,,,,,,,,,,,,948.28,1008.5,1071.82,1057.6,994.36,948.28,1008.5,1057.6,994.36,,641.94,979.65,1201.85,1106.85,925.18,641.94,979.65,1106.85,,,,,,,,,,,,,pearson,UP,UP,UP,UP,DOWN,,UP,DOWN,,930.45,1439.37,1465.42,UP,930.45,1397.67,1439.37,1465.42,1465.42,1397.67,,1008.95,1206.85,1213.74,UP,1008.95,1035.37,1206.85,1213.74,1213.74,1035.37,1008.95,1069.63,1073.14,1075.77,1069.63,1073.14,1075.77,1072.26,1069.63,1073.14,1075.77,UP,100.0,HIGH_VOL/UPTREND,20.0
10,2026-06-13,2026-06-26,923.53,1101.62,1219.61,923.53,1059.24,1101.62,1219.61,1219.61,1059.24,,UP,981.61,,,,,,,,,,,,1006.69,812.28,1067.53,1234.17,1167.26,994.05,812.28,1067.53,1167.26,994.05,,808.65,987.48,1169.75,1122.77,931.33,808.65,987.48,1122.77,,,795.65,1120.77,1242.56,1217.88,1058.12,795.65,1120.77,1217.88,1058.12,,831.34,956.41,1177.44,1121.05,932.9,831.34,956.41,1121.05,,,,,,,,,,,,,905.79,939.84,976.23,970.85,936.58,905.79,939.84,,,,706.71,959.55,1230.86,1120.44,923.72,706.71,959.55,1120.44,,,,,,,,,,,,,pearson,UP,UP,UP,UP,DOWN,,DOWN,DOWN,,924.47,1478.39,1506.03,UP,924.47,1436.74,1478.39,1506.03,1506.03,1436.74,,1013.1,1219.95,1222.71,UP,1013.1,1032.02,1219.95,1222.71,1222.71,1032.02,1013.1,1057.19,1062.86,1067.11,1057.19,1062.86,1067.11,1061.44,1057.19,1062.86,1067.11,UP,100.0,HIGH_VOL/UPTREND,20.0
11,2026-06-13,2026-06-29,928.73,1105.64,1232.08,928.73,1062.98,1105.64,1232.08,1232.08,1062.98,,UP,981.61,,,,,,,,,,,,1009.08,809.16,1043.07,1239.18,1196.17,982.16,809.16,1043.07,1196.17,982.16,,772.54,1001.51,1161.44,1122.8,952.77,772.54,1001.51,1122.8,,,772.54,1126.95,1252.61,1217.37,1053.8,772.54,1126.95,1217.37,1053.8,,803.08,970.16,1147.72,1088.25,926.73,803.08,970.16,1088.25,,,,,,,,,,,,,877.88,918.95,981.61,981.61,910.17,877.88,918.95,,,,694.26,1004.99,1203.21,1098.27,917.87,694.26,1004.99,1098.27,,,,,,,,,,,,,pearson,UP,UP,UP,UP,DOWN,,DOWN,UP,,930.61,1504.36,1532.36,UP,930.61,1459.28,1504.36,1532.36,1532.36,1459.28,,1012.53,1214.15,1228.4,UP,1012.53,1037.73,1214.15,1228.4,1228.4,1037.73,1012.53,1072.05,1083.62,1092.29,1072.05,1083.62,1092.29,1080.73,1072.05,1083.62,1092.29,UP,100.0,HIGH_VOL/UPTREND,20.0
12,2026-06-13,2026-06-30,933.92,1109.66,1244.55,933.92,1066.71,1109.66,1244.55,1244.55,1066.71,,UP,981.61,,,,,,,,,,,,975.64,784.52,1003.95,1247.25,1153.08,957.15,784.52,1003.95,1153.08,,,759.95,997.63,1179.69,1118.13,979.03,759.95,997.63,1118.13,,,759.95,1113.82,1195.76,1164.22,1034.74,759.95,1113.82,1164.22,1034.74,,801.9,946.93,1130.11,1078.77,940.86,801.9,946.93,1078.77,,,,,,,,,,,,,878.32,905.45,976.23,970.85,902.5,878.32,905.45,,,,710.03,968.35,1182.27,1049.05,917.8,710.03,968.35,1049.05,,,,,,,,,,,,,pearson,DOWN,UP,UP,UP,DOWN,,DOWN,DOWN,,936.75,1530.32,1558.68,UP,936.75,1481.83,1530.32,1558.68,1558.68,1481.83,,1011.97,1208.35,1234.08,UP,1011.97,1043.45,1208.35,1234.08,1234.08,1043.45,1011.97,1056.74,1059.82,1062.13,1056.74,1059.82,1062.13,1059.05,1056.74,1059.82,1062.13,UP,100.0,HIGH_VOL/UPTREND,20.0
13,2026-06-13,2026-07-01,939.12,1113.68,1257.01,939.12,1070.45,1113.68,1257.01,1257.01,1070.45,,UP,981.61,,,,,,,,,,,,1019.82,790.97,1029.97,1269.08,1160.54,933.3,790.97,1029.97,1160.54,,,745.77,1017.71,1149.67,1139.98,962.64,745.77,1017.71,1139.98,,,745.77,1113.82,1237.61,1195.5,1032.6,745.77,1113.82,1195.5,1032.6,,813.68,971.59,1136.12,1061.41,944.71,813.68,971.59,1061.41,,,,,,,,,,,,,855.8,880.06,1027.05,951.93,874.73,855.8,880.06,,,,697.58,963.69,1163.72,1116.29,897.52,697.58,963.69,1116.29,,,,,,,,,,,,,pearson,UP,UP,UP,UP,DOWN,,DOWN,DOWN,,942.89,1556.28,1585.01,UP,942.89,1504.37,1556.28,1585.01,1585.01,1504.37,,1011.4,1202.56,1239.77,UP,1011.4,1049.17,1202.56,1239.77,1239.77,1049.17,1011.4,1042.54,1048.3,1052.63,1042.54,1048.3,1052.63,1046.86,1042.54,1048.3,1052.63,UP,100.0,HIGH_VOL/UPTREND,20.0
14,2026-06-13,2026-07-02,944.32,1117.7,1269.48,944.32,1074.18,1117.7,1269.48,1269.48,1074.18,,UP,981.61,,,,,,,,,,,,1012.66,783.6,1000.28,1283.81,1138.9,924.94,783.6,1000.28,1138.9,,,712.15,1010.16,1137.36,1118.18,949.21,712.15,1010.16,1118.18,,,712.15,1105.5,1221.41,1169.32,1027.68,712.15,1105.5,1169.32,1027.68,,837.58,981.61,1125.47,1052.54,968.25,837.58,981.61,1052.54,,,,,,,,,,,,,855.8,874.04,988.91,944.55,871.12,855.8,874.04,,,,663.8,913.77,1183.81,1123.56,890.69,663.8,913.77,1123.56,,,,,,,,,,,,,pearson,UP,UP,UP,UP,UP,,DOWN,DOWN,,949.03,1582.25,1611.33,UP,949.03,1526.91,1582.25,1611.33,1611.33,1526.91,,1010.84,1196.76,1245.46,UP,1010.84,1054.88,1196.76,1245.46,1245.46,1054.88,1010.84,1056.0,1056.12,1056.21,1056.0,1056.12,1056.21,1056.09,1056.0,1056.12,1056.21,UP,100.0,HIGH_VOL/UPTREND,20.0
15,2026-06-13,2026-07-03,949.51,1121.72,1281.95,949.51,1077.92,1121.72,1281.95,1281.95,1077.92,,UP,981.61,,,,,,,,,,,,1016.24,786.14,1004.07,1256.09,1155.51,956.11,786.14,1004.07,1155.51,,,722.13,1003.17,1156.41,1140.37,945.74,722.13,1003.17,1140.37,,,703.7,1094.37,1205.48,1172.18,1004.58,703.7,1094.37,1172.18,1004.58,,818.48,961.37,1131.29,1045.39,955.51,818.48,961.37,1045.39,,,,,,,,,,,,,831.66,860.59,944.02,940.87,858.87,831.66,860.59,,,,640.07,921.69,1178.49,1133.55,871.99,640.07,921.69,1133.55,,,,,,,,,,,,,pearson,UP,UP,UP,UP,DOWN,,DOWN,DOWN,,955.16,1608.21,1637.66,UP,955.16,1549.46,1608.21,1637.66,1637.66,1549.46,,1010.27,1190.96,1251.14,UP,1010.27,1060.6,1190.96,1251.14,1251.14,1060.6,1010.27,950.71,960.1,967.14,950.71,960.1,967.14,957.75,,,996.09,UP,100.0,HIGH_VOL/UPTREND,20.0
16,2026-06-13,2026-07-06,954.71,1125.74,1294.42,954.71,1081.66,1125.74,1294.42,1294.42,1081.66,,UP,981.61,,,,,,,,,,,,1006.69,775.51,1005.2,1218.76,1155.2,958.16,775.51,1005.2,1155.2,,,714.62,1028.5,1199.35,1143.85,980.76,714.62,1028.5,1143.85,,,697.7,1092.17,1185.4,1166.57,994.71,697.7,1092.17,1166.57,994.71,,817.4,961.04,1136.45,1048.41,953.1,817.4,961.04,1048.41,,,,,,,,,,,,,776.83,861.06,934.71,930.12,836.08,776.83,861.06,,,,610.59,906.4,1346.72,1138.19,863.61,610.59,906.4,1138.19,,,,,,,,,,,,,pearson,UP,UP,UP,UP,DOWN,,DOWN,DOWN,,961.3,1634.18,1663.98,UP,961.3,1572.0,1634.18,1663.98,1663.98,1572.0,,1009.71,1185.16,1256.83,UP,1009.71,1066.31,1185.16,1256.83,1256.83,1066.31,1009.71,1014.82,1019.71,1023.37,1014.82,1019.71,1023.37,1018.49,1014.82,1019.71,1023.37,UP,100.0,HIGH_VOL/UPTREND,20.0
17,2026-06-13,2026-07-07,959.91,1129.76,1306.89,959.91,1085.39,1129.76,1306.89,1306.89,1085.39,,UP,981.61,,,,,,,,,,,,984.0,772.25,1049.67,1302.34,1178.44,949.71,772.25,1049.67,1178.44,,,723.14,1041.38,1324.28,1158.82,1001.52,723.14,1041.38,1158.82,1001.52,,723.14,1049.67,1241.02,1197.54,990.3,723.14,1049.67,1197.54,990.3,,828.75,983.92,1066.89,1053.48,916.65,828.75,983.92,1053.48,,,,,,,,,,,,,731.41,888.53,945.99,923.81,825.93,731.41,888.53,,,,613.63,909.94,1353.32,1075.74,884.77,613.63,909.94,1075.74,,,,,,,,,,,,,pearson,UP,UP,UP,UP,UP,,DOWN,DOWN,,967.44,1660.14,1690.31,UP,967.44,1594.54,1660.14,1690.31,1690.31,1594.54,,1009.14,1179.36,1262.52,UP,1009.14,1072.03,1179.36,1262.52,1262.52,1072.03,1009.14,995.99,1005.01,1011.78,995.99,1005.01,1011.78,1002.76,995.99,1005.01,1011.78,UP,100.0,HIGH_VOL/UPTREND,20.0
18,2026-06-13,2026-07-08,965.1,1133.78,1319.36,965.1,1089.13,1133.78,1319.36,1319.36,1089.13,,UP,981.61,,,,,,,,,,,,929.07,759.29,1032.13,1274.38,1188.21,933.71,759.29,1032.13,1188.21,,,735.25,1041.38,1385.35,1154.49,995.59,735.25,1041.38,1154.49,995.59,,735.25,1032.83,1296.23,1206.93,986.22,735.25,1032.83,1206.93,986.22,,824.77,974.79,1065.34,1046.32,945.72,824.77,974.79,1046.32,,,,,,,,,,,,,673.36,854.68,989.68,984.3,796.85,673.36,854.68,984.3,,,652.72,931.07,1321.77,1088.38,908.23,652.72,931.07,1088.38,,,,,,,,,,,,,pearson,DOWN,UP,UP,UP,DOWN,,DOWN,DOWN,,973.58,1686.11,1716.63,UP,973.58,1617.09,1686.11,1716.63,1716.63,1617.09,973.58,1008.58,1173.57,1268.2,UP,1008.58,1077.74,1173.57,1268.2,1268.2,1077.74,1008.58,920.39,932.58,941.73,920.39,932.58,941.73,929.53,,,1053.1,UP,100.0,HIGH_VOL/UPTREND,20.0
19,2026-06-13,2026-07-09,970.3,1137.8,1331.83,970.3,1092.86,1137.8,1331.83,1331.83,1092.86,,UP,981.61,,,,,,,,,,,,869.36,726.25,1014.06,1329.56,1220.07,905.61,726.25,1014.06,1220.07,,,740.51,1059.11,1355.81,1193.67,985.11,740.51,1059.11,1193.67,985.11,,740.51,1061.26,1270.47,1165.21,1016.79,740.51,1061.26,1165.21,1016.79,,805.85,962.93,1114.8,1088.29,947.93,805.85,962.93,1088.29,,,,,,,,,,,,,661.75,803.9,1079.56,1005.3,774.74,661.75,803.9,1005.3,,,668.5,926.44,1297.45,1093.07,885.1,668.5,926.44,1093.07,,,,,,,,,,,,,pearson,DOWN,UP,UP,UP,DOWN,,DOWN,DOWN,,979.71,1712.07,1742.95,UP,979.71,1639.63,1712.07,1742.95,1742.95,1639.63,979.71,1008.01,1167.77,1273.89,UP,1008.01,1083.46,1167.77,1273.89,1273.89,1083.46,1008.01,969.71,981.62,990.55,969.71,981.62,990.55,978.64,,981.62,990.55,UP,100.0,HIGH_VOL/UPTREND,20.0
20,2026-06-13,2026-07-10,975.5,1141.82,1344.29,975.5,1096.6,1141.82,1344.29,1344.29,1096.6,,UP,981.61,,,,,,,,,,,,913.54,702.19,1003.26,1343.87,1204.08,884.47,702.19,1003.26,1204.08,,,660.48,1040.68,1326.35,1271.42,973.03,660.48,1040.68,1271.42,,,724.73,1058.16,1218.53,1159.24,983.0,724.73,1058.16,1159.24,983.0,,785.3,957.16,1146.33,1108.62,930.13,785.3,957.16,1108.62,,,,,,,,,,,,,735.09,829.29,1100.22,1012.18,823.39,735.09,829.29,1012.18,,,619.51,914.22,1299.36,1136.99,851.42,619.51,914.22,1136.99,,,,,,,,,,,,,pearson,DOWN,UP,UP,UP,DOWN,,DOWN,DOWN,,985.85,1738.04,1769.28,UP,985.85,1662.17,1738.04,1769.28,1769.28,1662.17,985.85,1007.45,1161.97,1279.58,UP,1007.45,1089.18,1161.97,1279.58,1279.58,1089.18,1007.45,1024.51,1027.75,1030.18,1024.51,1027.75,1030.18,1026.94,1024.51,1027.75,1030.18,UP,100.0,HIGH_VOL/UPTREND,20.0
21,2026-06-13,2026-07-13,962.6,1144.46,1397.15,962.6,1092.08,1144.46,1397.15,1397.15,1092.08,,UP,981.61,,,,,,,,,,,,892.05,717.04,1012.89,1332.67,1203.1,913.92,717.04,1012.89,1203.1,,,699.75,1021.69,1329.38,1193.23,910.04,699.75,1021.69,1193.23,,,742.58,1083.92,1231.62,1168.7,994.1,742.58,1083.92,1168.7,994.1,,786.68,950.93,1154.18,1091.8,914.49,786.68,950.93,1091.8,,,,,,,,,,,,,708.4,846.22,1053.09,969.58,816.83,708.4,846.22,,,,621.17,875.43,1372.09,1154.72,834.88,621.17,875.43,1154.72,,,,,,,,,,,,,pearson,DOWN,UP,UP,UP,DOWN,,DOWN,DOWN,,991.99,1747.89,1777.4,UP,991.99,1661.64,1747.89,1777.4,1777.4,1661.64,991.99,985.14,1154.12,1266.32,UP,985.14,1085.07,1154.12,1266.32,1266.32,1085.07,985.14,1060.23,1065.32,1069.14,1060.23,1065.32,1069.14,1064.05,1060.23,1065.32,1069.14,UP,100.0,HIGH_VOL/UPTREND,20.0
22,2026-06-13,2026-07-14,949.7,1147.11,1450.0,949.7,1087.56,1147.11,1450.0,1450.0,1087.56,,UP,981.61,,,,,,,,,,,,912.35,669.92,1065.82,1293.17,1202.26,965.04,669.92,1065.82,1202.26,,,684.67,1011.92,1303.92,1245.07,891.16,684.67,1011.92,1245.07,,,743.52,1085.44,1215.4,1146.22,1021.6,743.52,1085.44,1146.22,1021.6,,796.4,954.76,1127.55,1105.74,908.72,796.4,954.76,1105.74,,,,,,,,,,,,,693.32,812.37,1100.22,1012.18,771.46,693.32,812.37,1012.18,,,610.39,906.43,1392.19,1131.58,845.57,610.39,906.43,1131.58,,,,,,,,,,,,,pearson,DOWN,UP,UP,UP,DOWN,,DOWN,DOWN,,998.14,1757.74,1785.52,UP,998.14,1661.11,1757.74,1785.52,1785.52,1661.11,998.14,962.83,1146.27,1253.06,UP,962.83,1080.97,1146.27,1253.06,1253.06,1080.97,,1018.02,1026.69,1033.2,1018.02,1026.69,1033.2,1024.53,1018.02,1026.69,1033.2,UP,100.0,HIGH_VOL/UPTREND,20.0
23,2026-06-13,2026-07-15,936.8,1149.76,1502.85,936.8,1083.03,1149.76,1502.85,1502.85,1083.03,,UP,981.61,,,,,,,,,,,,919.51,648.99,1099.16,1315.55,1228.95,977.79,648.99,1099.16,1228.95,,,670.3,1021.54,1329.38,1266.11,885.87,670.3,1021.54,1266.11,,,741.27,1099.16,1203.75,1130.69,1039.55,741.27,1099.16,1130.69,1039.55,,771.54,942.73,1115.39,1096.87,919.53,771.54,942.73,1096.87,,,,,,,,,,,,,683.34,803.9,1089.89,1008.74,766.38,683.34,803.9,1008.74,,,626.99,911.79,1460.97,1126.02,874.53,626.99,911.79,1126.02,,,,,,,,,,,,,pearson,DOWN,UP,UP,UP,DOWN,,DOWN,DOWN,,1004.28,1767.59,1793.64,UP,1004.28,1660.58,1767.59,1793.64,1793.64,1660.58,1004.28,940.52,1138.43,1239.8,UP,940.52,1076.87,1138.43,1239.8,1239.8,1076.87,,1074.18,1081.54,1087.05,1074.18,1081.54,1087.05,1079.7,1074.18,1081.54,1087.05,UP,100.0,HIGH_VOL/UPTREND,20.0
24,2026-06-13,2026-07-16,923.9,1152.41,1555.7,923.9,1078.51,1152.41,1555.7,1555.7,1078.51,,UP,981.61,,,,,,,,,,,,905.18,665.1,1099.94,1323.97,1218.64,942.35,665.1,1099.94,1218.64,,,680.82,1012.33,1342.56,1260.8,902.29,680.82,1012.33,1260.8,,,744.18,1099.94,1240.34,1182.8,1023.83,744.18,1099.94,1182.8,1023.83,,750.94,934.22,1118.07,1097.09,921.54,750.94,934.22,1097.09,,,,,,,,,,,,,653.39,736.21,1079.56,1005.3,725.76,653.39,736.21,1005.3,,,647.13,898.87,1472.52,1135.04,843.18,647.13,898.87,1135.04,,,,,,,,,,,,,pearson,DOWN,UP,UP,UP,DOWN,,DOWN,DOWN,,1010.42,1777.43,1801.77,UP,1010.42,1660.05,1777.43,1801.77,1801.77,1660.05,1010.42,918.21,1130.58,1226.54,UP,918.21,1072.76,1130.58,1226.54,1226.54,1072.76,,1130.16,1130.46,1130.69,1130.16,1130.46,1130.69,1130.39,1130.16,1130.46,1130.69,UP,100.0,HIGH_VOL/UPTREND,20.0
25,2026-06-13,2026-07-17,911.01,1155.06,1608.55,911.01,1073.99,1155.06,1608.55,1608.55,1073.99,,UP,981.61,,,,,,,,,,,,900.41,650.62,1084.68,1352.97,1247.94,988.75,650.62,1084.68,1247.94,988.75,,714.82,1002.5,1332.23,1263.98,916.95,714.82,1002.5,1263.98,,,721.07,1087.91,1224.94,1177.0,1001.36,721.07,1087.91,1177.0,1001.36,,747.94,944.54,1130.44,1085.85,904.52,747.94,944.54,1085.85,,,,,,,,,,,,,617.31,793.64,1043.18,984.21,774.05,617.31,793.64,984.21,,,640.27,886.71,1442.29,1125.58,820.44,640.27,886.71,1125.58,,,,,,,,,,,,,pearson,DOWN,UP,UP,UP,DOWN,,DOWN,DOWN,,1016.56,1787.28,1809.89,UP,1016.56,1659.51,1787.28,1809.89,1809.89,1659.51,1016.56,895.91,1122.73,1213.28,UP,895.91,1068.66,1122.73,1213.28,1213.28,1068.66,,1104.35,1138.75,1164.55,1104.35,1138.75,1164.55,1130.15,1104.35,1138.75,1164.55,UP,100.0,HIGH_VOL/UPTREND,20.0
26,2026-06-13,2026-07-20,898.11,1157.7,1661.41,898.11,1069.47,1157.7,1661.41,1661.41,1069.47,,UP,981.61,,,,,,,,,,,,868.16,655.22,1054.04,1293.27,1269.99,970.01,655.22,1054.04,1269.99,,,699.56,985.09,1344.94,1281.7,899.43,699.56,985.09,1281.7,,,699.56,1054.04,1208.72,1163.97,987.23,699.56,1054.04,1163.97,987.23,,713.52,937.72,1152.89,1095.6,901.12,713.52,937.72,1095.6,,,,,,,,,,,,,590.23,783.2,1094.42,983.36,740.71,590.23,783.2,983.36,,,556.52,874.75,1485.47,1158.59,808.57,556.52,874.75,1158.59,,,,,,,,,,,,,pearson,DOWN,UP,UP,UP,DOWN,,DOWN,DOWN,,1022.71,1797.13,1818.01,UP,1022.71,1658.98,1797.13,1818.01,1818.01,1658.98,1022.71,873.6,1114.88,1200.03,UP,873.6,1064.56,1114.88,1200.03,1200.03,1064.56,,1114.63,1144.51,1166.91,1114.63,1144.51,1166.91,1137.04,1114.63,1144.51,1166.91,UP,100.0,HIGH_VOL/UPTREND,20.0
27,2026-06-13,2026-07-21,885.21,1160.35,1714.26,885.21,1064.95,1160.35,1714.26,1714.26,1064.95,,UP,981.61,,,,,,,,,,,,853.83,668.5,1074.24,1277.28,1229.66,941.45,668.5,1074.24,1229.66,,,713.74,968.87,1370.43,1273.91,885.87,713.74,968.87,1273.91,,,713.74,1074.24,1202.61,1181.23,987.67,713.74,1074.24,1181.23,987.67,,752.6,967.98,1203.56,1110.8,894.92,752.6,967.98,1110.8,,,,,,,,,,,,,589.88,751.87,1130.37,986.38,701.6,589.88,751.87,986.38,,,576.49,906.01,1532.61,1212.63,829.93,576.49,906.01,1212.63,,,,,,,,,,,,,pearson,DOWN,UP,DOWN,UP,DOWN,,DOWN,DOWN,,1028.85,1806.98,1826.13,UP,1028.85,1658.45,1806.98,1826.13,1826.13,1658.45,1028.85,851.29,1107.04,1186.77,UP,851.29,1060.45,1107.04,1186.77,1186.77,1060.45,,1130.71,1133.58,1135.72,1130.71,1133.58,1135.72,1132.86,1130.71,1133.58,1135.72,UP,100.0,HIGH_VOL/UPTREND,20.0
28,2026-06-13,2026-07-22,872.31,1163.0,1767.11,872.31,1060.43,1163.0,1767.11,1767.11,1060.43,,UP,981.61,,,,,,,,,,,,880.11,699.08,1039.35,1363.03,1211.08,928.07,699.08,1039.35,1211.08,,,731.87,963.44,1359.47,1278.44,898.47,731.87,963.44,1278.44,,,754.86,1071.75,1163.87,1145.53,973.84,754.86,1071.75,1145.53,,,766.56,972.59,1162.0,1079.26,943.1,766.56,972.59,1079.26,,,,,,,,,,,,,639.97,751.87,1104.33,968.73,711.76,639.97,751.87,,,,578.98,910.46,1621.14,1176.81,846.36,578.98,910.46,1176.81,,,,,,,,,,,,,pearson,DOWN,UP,DOWN,UP,DOWN,,DOWN,DOWN,,1034.99,1816.83,1834.25,UP,1034.99,1657.92,1816.83,1834.25,1834.25,1657.92,1034.99,828.98,1099.19,1173.51,UP,828.98,1056.35,1099.19,1173.51,1173.51,1056.35,,1065.98,1073.31,1078.8,1065.98,1073.31,1078.8,1071.47,1065.98,1073.31,1078.8,UP,100.0,HIGH_VOL/UPTREND,20.0
29,2026-06-13,2026-07-23,859.41,1165.65,1819.96,859.41,1055.91,1165.65,1819.96,1819.96,1055.91,,UP,981.61,,,,,,,,,,,,869.36,735.75,981.61,1348.53,1211.08,929.27,735.75,981.61,1211.08,,,763.93,931.71,1518.51,1259.86,860.42,763.93,931.71,1259.86,,,763.93,920.26,1179.07,1160.21,855.09,763.93,920.26,1160.21,,,760.7,970.39,1154.91,1077.87,929.85,760.7,970.39,1077.87,,,,,,,,,,,,,663.49,762.31,1135.33,979.06,731.56,663.49,762.31,,,,565.67,882.18,1622.89,1180.01,867.09,565.67,882.18,1180.01,,,,,,,,,,,,,pearson,DOWN,UP,DOWN,DOWN,DOWN,,DOWN,DOWN,,1041.13,1826.68,1842.37,UP,1041.13,1657.39,1826.68,1842.37,1842.37,1657.39,1041.13,806.67,1091.34,1160.25,UP,806.67,1052.25,1091.34,1160.25,1160.25,1052.25,,1006.52,1019.17,1028.65,1006.52,1019.17,1028.65,1016.01,1006.52,1019.17,1028.65,UP,100.0,HIGH_VOL/UPTREND,20.0
30,2026-06-13,2026-07-24,846.52,1168.3,1872.81,846.52,1051.38,1168.3,1872.81,1872.81,1051.38,,UP,981.61,,,,,,,,,,,,857.42,634.63,959.72,1408.25,1284.65,917.72,634.63,959.72,1284.65,,,728.47,929.35,1596.61,1255.43,888.09,728.47,929.35,1255.43,,,728.47,909.78,1172.68,1118.04,854.56,728.47,909.78,1118.04,,,763.59,970.06,1152.44,1100.29,891.06,763.59,970.06,1100.29,,,,,,,,,,,,,616.62,772.76,1161.8,1014.78,720.9,616.62,772.76,1014.78,,,572.08,893.21,1564.16,1157.11,878.35,572.08,893.21,1157.11,,,,,,,,,,,,,pearson,DOWN,DOWN,DOWN,DOWN,DOWN,,DOWN,DOWN,,1047.28,1836.53,1850.49,UP,1047.28,1656.86,1836.53,1850.49,1850.49,1656.86,1047.28,784.36,1083.49,1146.99,UP,784.36,1048.14,1083.49,1146.99,1146.99,1048.14,,1005.72,1008.69,1010.92,1005.72,1008.69,1010.92,1007.95,1005.72,1008.69,1010.92,UP,100.0,HIGH_VOL/UPTREND,20.0
31,2026-06-13,2026-07-27,857.75,1208.99,1908.38,857.75,1079.09,1208.99,1908.38,1908.38,1079.09,,UP,981.61,,,,,,,,,,,,872.94,735.16,946.55,1409.15,1213.72,866.13,735.16,946.55,1213.72,,,762.17,904.48,1602.91,1262.44,874.91,762.17,904.48,1262.44,,,762.58,891.22,1170.4,1132.68,855.99,762.58,891.22,1132.68,,,759.77,964.29,1178.91,1090.97,898.89,759.77,964.29,1090.97,,,,,,,,,,,,,606.46,741.43,1187.42,1014.35,691.95,606.46,741.43,1014.35,,,562.99,904.48,1505.94,1178.89,873.32,562.99,904.48,1178.89,,,,,,,,,,,,,pearson,DOWN,DOWN,DOWN,DOWN,DOWN,,DOWN,DOWN,,,,,,,,,,,,,,,,,,,,,,,,954.48,964.93,972.77,954.48,964.93,972.77,962.32,,,,UP,100.0,HIGH_VOL/UPTREND,20.0
32,2026-06-13,2026-07-28,868.98,1249.69,1943.94,868.98,1106.8,1249.69,1943.94,1943.94,1106.8,,UP,981.61,,,,,,,,,,,,889.66,676.65,959.72,1406.45,1218.9,841.38,676.65,959.72,1218.9,,,720.54,915.27,1592.93,1356.91,841.01,720.54,915.27,1356.91,,,720.54,836.91,1181.03,1135.59,818.93,720.54,836.91,1135.59,,,761.89,948.74,1232.23,1106.11,927.33,761.89,948.74,1106.11,,,,,,,,,,,,,578.18,720.54,1177.08,1010.91,665.25,578.18,720.54,1010.91,,,547.48,909.7,1509.45,1208.77,841.38,547.48,909.7,1208.77,,,,,,,,,,,,,pearson,DOWN,DOWN,DOWN,DOWN,DOWN,,DOWN,DOWN,,,,,,,,,,,,,,,,,,,,,,,,897.27,902.86,907.05,897.27,902.86,907.05,901.46,,,,UP,100.0,HIGH_VOL/UPTREND,20.0
33,2026-06-13,2026-07-29,880.22,1290.38,1979.5,880.22,1134.51,1290.38,1979.5,1979.5,1134.51,,UP,981.61,,,,,,,,,,,,857.42,624.24,986.9,1373.63,1257.95,854.1,624.24,986.9,1257.95,,,689.51,887.22,1572.06,1344.06,860.25,689.51,887.22,1344.06,,,689.51,852.89,1208.15,1158.08,821.26,689.51,852.89,1158.08,,,718.29,945.6,1216.78,1109.82,928.92,718.29,945.6,1109.82,,,,,,,,,,,,,579.76,689.22,1186.99,996.28,653.11,579.76,689.22,996.28,,,565.67,879.47,1519.96,1230.16,838.19,565.67,879.47,1230.16,,,,,,,,,,,,,pearson,DOWN,UP,DOWN,DOWN,DOWN,,DOWN,DOWN,,,,,,,,,,,,,,,,,,,,,,,,907.96,910.79,912.92,907.96,910.79,912.92,910.08,,,,UP,100.0,HIGH_VOL/UPTREND,20.0
34,2026-06-13,2026-07-30,891.45,1331.08,2015.06,891.45,1162.21,1331.08,2015.06,2015.06,1162.21,,UP,981.61,,,,,,,,,,,,850.25,552.88,1048.25,1397.39,1249.9,841.79,552.88,1048.25,1249.9,,,619.38,866.41,1522.94,1333.49,844.97,619.38,866.41,1333.49,,,619.38,841.72,1199.84,1179.66,810.78,619.38,841.72,1179.66,,,686.08,964.86,1217.05,1113.02,901.12,686.08,964.86,1113.02,,,,,,,,,,,,,577.84,689.22,1191.94,988.97,666.42,577.84,689.22,988.97,,,611.43,886.86,1563.23,1219.48,825.49,611.43,886.86,1219.48,,,,,,,,,,,,,pearson,DOWN,UP,DOWN,DOWN,DOWN,,DOWN,DOWN,,,,,,,,,,,,,,,,,,,,,,,,789.48,804.83,816.35,789.48,804.83,816.35,801.0,,,,UP,100.0,HIGH_VOL/UPTREND,20.0
35,2026-06-13,2026-07-31,902.68,1371.77,2050.62,902.68,1189.92,1371.77,2050.62,2050.62,1189.92,,UP,981.61,,,,,,,,,,,,881.3,558.27,1093.43,1435.38,1286.64,897.88,558.27,1093.43,1286.64,,,552.97,913.99,1535.43,1396.76,894.06,552.97,913.99,1396.76,,,552.97,891.39,1191.03,1154.41,818.01,552.97,891.39,1154.41,,,649.46,981.23,1200.74,1113.25,897.59,649.46,981.23,1113.25,,,,,,,,,,,,,591.49,647.44,1144.39,928.29,634.7,591.49,647.44,,,,558.07,914.48,1508.26,1208.45,822.08,558.07,914.48,1208.45,,,,,,,,,,,,,pearson,DOWN,UP,DOWN,DOWN,DOWN,,DOWN,DOWN,,,,,,,,,,,,,,,,,,,,,,,,850.28,856.87,861.81,850.28,856.87,861.81,855.22,,,,UP,100.0,HIGH_VOL/UPTREND,20.0
36,2026-06-13,2026-08-03,913.92,1412.47,2086.18,913.92,1217.63,1412.47,2086.18,2086.18,1217.63,,UP,981.61,,,,,,,,,,,,843.09,618.72,1100.7,1488.54,1295.04,987.25,618.72,1100.7,1295.04,987.25,,591.97,999.14,1510.19,1329.97,937.61,591.97,999.14,1329.97,,,591.97,979.89,1198.48,1150.95,897.17,591.97,979.89,1150.95,,,688.78,971.63,1151.85,1133.8,878.72,688.78,971.63,1133.8,,,,,,,,,,,,,613.38,647.44,1123.3,903.34,641.36,613.38,647.44,,,,521.39,967.34,1501.73,1165.31,796.55,521.39,967.34,1165.31,,,,,,,,,,,,,pearson,DOWN,UP,UP,DOWN,DOWN,,DOWN,DOWN,,,,,,,,,,,,,,,,,,,,,,,,941.24,941.55,941.79,941.24,941.55,941.79,941.47,,,,UP,100.0,HIGH_VOL/UPTREND,20.0
37,2026-06-13,2026-08-04,925.15,1453.16,2121.74,925.15,1245.33,1453.16,2121.74,2121.74,1245.33,,UP,981.61,,,,,,,,,,,,847.86,608.99,1059.56,1478.27,1304.29,946.07,608.99,1059.56,1304.29,,,644.6,979.86,1556.7,1346.58,916.47,644.6,979.86,1346.58,,,629.35,941.57,1270.1,1213.75,879.21,629.35,941.57,1213.75,,,711.64,945.19,1158.49,1142.54,890.05,711.64,945.19,1142.54,,,,,,,,,,,,,569.02,648.86,1133.63,906.78,623.23,569.02,648.86,,,,556.59,949.91,1480.4,1177.36,799.35,556.59,949.91,1177.36,,,,,,,,,,,,,pearson,DOWN,UP,DOWN,DOWN,DOWN,,DOWN,DOWN,,,,,,,,,,,,,,,,,,,,,,,,909.27,921.96,931.48,909.27,921.96,931.48,918.79,,,,UP,100.0,HIGH_VOL/UPTREND,20.0
38,2026-06-13,2026-08-05,936.38,1493.86,2157.31,936.38,1273.04,1493.86,2157.31,2157.31,1273.04,,UP,981.61,,,,,,,,,,,,809.65,609.96,1017.46,1455.92,1356.28,922.08,609.96,1017.46,1356.28,,,672.19,964.08,1558.79,1313.36,901.96,672.19,964.08,1313.36,,,667.25,915.96,1314.36,1239.41,858.81,667.25,915.96,1239.41,,,722.19,916.06,1182.94,1147.39,818.09,722.19,916.06,1147.39,,,,,,,,,,,,,606.03,748.69,1113.39,917.96,699.84,606.03,748.69,,,,617.44,872.16,1441.02,1193.7,778.59,617.44,872.16,1193.7,,,,,,,,,,,,,pearson,DOWN,UP,DOWN,DOWN,DOWN,,DOWN,DOWN,,,,,,,,,,,,,,,,,,,,,,,,951.06,958.29,963.71,951.06,958.29,963.71,956.48,,,,UP,100.0,HIGH_VOL/UPTREND,20.0
39,2026-06-13,2026-08-06,947.62,1534.55,2192.87,947.62,1300.75,1534.55,2192.87,2192.87,1300.75,,UP,981.61,,,,,,,,,,,,815.62,538.95,1051.62,1425.76,1333.26,957.48,538.95,1051.62,1333.26,,,689.45,983.36,1513.32,1380.7,899.74,689.45,983.36,1380.7,,,674.55,947.07,1357.7,1254.06,873.06,674.55,947.07,1254.06,,,595.83,928.21,1167.87,1105.1,851.77,595.83,928.21,1105.1,,,,,,,,,,,,,537.69,815.24,1077.44,914.94,726.08,537.69,815.24,,,,571.12,845.94,1355.24,1190.69,786.51,571.12,845.94,1190.69,,,,,,,,,,,,,pearson,DOWN,UP,UP,DOWN,DOWN,,DOWN,DOWN,,,,,,,,,,,,,,,,,,,,,,,,959.1,962.55,965.14,959.1,962.55,965.14,961.69,,,,UP,100.0,HIGH_VOL/UPTREND,20.0
40,2026-06-13,2026-08-07,958.85,1575.25,2228.43,958.85,1328.46,1575.25,2228.43,2228.43,1328.46,,UP,981.61,,,,,,,,,,,,780.99,533.06,1070.75,1423.75,1354.0,968.14,533.06,1070.75,1354.0,,,625.19,995.63,1495.75,1350.27,943.91,625.19,995.63,1350.27,,,614.84,964.77,1305.32,1217.47,909.61,614.84,964.77,1217.47,,,709.83,931.23,1146.9,1121.43,837.09,709.83,931.23,1121.43,,,,,,,,,,,,,549.21,820.25,1107.7,923.82,715.55,549.21,820.25,,,,570.49,819.04,1391.31,1162.73,778.66,570.49,819.04,1162.73,,,,,,,,,,,,,pearson,DOWN,UP,UP,DOWN,DOWN,,DOWN,DOWN,,,,,,,,,,,,,,,,,,,,,,,,992.86,1014.48,1030.7,992.86,1014.48,1030.7,1009.07,992.86,1014.48,1030.7,UP,100.0,HIGH_VOL/UPTREND,20.0
